#t	x0	y0	x1	y1
0.001655	999.933350	399.999908	1199.932861	400.248138
0.003310	999.933350	399.999817	1199.931274	400.496277
0.004964	999.933350	399.999725	1199.928711	400.744415
0.006619	999.933350	399.999634	1199.925171	400.992523
0.008274	999.933350	399.999542	1199.920532	401.240631
0.009929	999.933350	399.999451	1199.914917	401.488739
0.011583	999.933350	399.999359	1199.908203	401.736816
0.013238	999.933350	399.999268	1199.900513	401.984894
0.014892	999.933350	399.999176	1199.891846	402.232941
0.016547	999.933350	399.999084	1199.882080	402.480957
0.018201	999.933350	399.998993	1199.871338	402.728973
0.019855	999.933350	399.998901	1199.859497	402.976959
0.021510	999.933350	399.998810	1199.846680	403.224915
0.023164	999.933350	399.998718	1199.832886	403.472839
0.024818	999.933350	399.998627	1199.817993	403.720703
0.026471	999.933350	399.998535	1199.802124	403.968536
0.028125	999.933350	399.998444	1199.785156	404.216339
0.029779	999.933350	399.998352	1199.767212	404.464111
0.031432	999.933350	399.998260	1199.748291	404.711823
0.033085	999.933350	399.998169	1199.728271	404.959473
0.034739	999.933350	399.998077	1199.707275	405.207092
0.036391	999.933350	399.997986	1199.685181	405.454651
0.038044	999.933350	399.997894	1199.662109	405.702148
0.039697	999.933350	399.997803	1199.638062	405.949585
0.041349	999.933350	399.997711	1199.612915	406.196960
0.043001	999.933350	399.997620	1199.586792	406.444275
0.044653	999.933350	399.997528	1199.559692	406.691528
0.046305	999.933350	399.997437	1199.531494	406.938721
0.047956	999.933350	399.997345	1199.502319	407.185852
0.049608	999.933350	399.997253	1199.472046	407.432892
0.051259	999.933350	399.997162	1199.440796	407.679871
0.052909	999.933350	399.997070	1199.408569	407.926758
0.054560	999.933350	399.996979	1199.375244	408.173584
0.056210	999.933350	399.996887	1199.340942	408.420319
0.057860	999.933350	399.996796	1199.305664	408.666962
0.059510	999.933350	399.996704	1199.269287	408.913513
0.061159	999.933350	399.996613	1199.231934	409.159973
0.062808	999.933350	399.996521	1199.193604	409.406342
0.064457	999.933350	399.996429	1199.154175	409.652618
0.066105	999.933350	399.996338	1199.113770	409.898804
0.067753	999.933350	399.996246	1199.072388	410.144897
0.069401	999.933350	399.996155	1199.030029	410.390869
0.071048	999.933350	399.996063	1198.986572	410.636749
0.072695	999.933350	399.995972	1198.942139	410.882507
0.074342	999.933350	399.995880	1198.896729	411.128174
0.075988	999.933350	399.995789	1198.850220	411.373718
0.077634	999.933350	399.995697	1198.802734	411.619141
0.079280	999.933350	399.995605	1198.754272	411.864441
0.080925	999.933350	399.995514	1198.704834	412.109650
0.082569	999.933350	399.995422	1198.654297	412.354736
0.084214	999.933350	399.995331	1198.602783	412.599670
0.085858	999.933350	399.995239	1198.550293	412.844482
0.087501	999.933350	399.995148	1198.496826	413.089172
0.089144	999.933350	399.995056	1198.442261	413.333740
0.090787	999.933350	399.994965	1198.386719	413.578156
0.092429	999.933350	399.994873	1198.330200	413.822449
0.094070	999.933350	399.994781	1198.272705	414.066589
0.095712	999.933350	399.994690	1198.214111	414.310608
0.097352	999.933350	399.994598	1198.154541	414.554474
0.098993	999.933350	399.994507	1198.093994	414.798187
0.100633	999.933350	399.994415	1198.032471	415.041748
0.102272	999.933350	399.994324	1197.969971	415.285156
0.103911	999.933350	399.994232	1197.906372	415.528412
0.105549	999.933350	399.994141	1197.841797	415.771515
0.107187	999.933350	399.994049	1197.776245	416.014465
0.108824	999.933350	399.993958	1197.709717	416.257263
0.110461	999.933350	399.993866	1197.642212	416.499878
0.112097	999.933350	399.993774	1197.573730	416.742340
0.113732	999.933350	399.993683	1197.504150	416.984650
0.115367	999.933350	399.993591	1197.433594	417.226776
0.117002	999.933350	399.993500	1197.362061	417.468719
0.118636	999.933350	399.993408	1197.289551	417.710510
0.120269	999.933350	399.993317	1197.216064	417.952118
0.121902	999.933350	399.993225	1197.141602	418.193542
0.123534	999.933350	399.993134	1197.066162	418.434784
0.125166	999.933350	399.993042	1196.989746	418.675842
0.126796	999.933350	399.992950	1196.912354	418.916718
0.128427	999.933350	399.992859	1196.833984	419.157410
0.130057	999.933350	399.992767	1196.754639	419.397919
0.131686	999.933350	399.992676	1196.674316	419.638214
0.133314	999.933350	399.992584	1196.593018	419.878326
0.134942	999.933350	399.992493	1196.510620	420.118225
0.136569	999.933350	399.992401	1196.427246	420.357941
0.138196	999.933350	399.992310	1196.342896	420.597443
0.139821	999.933350	399.992218	1196.257568	420.836761
0.141447	999.933350	399.992126	1196.171265	421.075867
0.143071	999.933350	399.992035	1196.084106	421.314758
0.144695	999.933350	399.991943	1195.995972	421.553436
0.146318	999.933350	399.991852	1195.906860	421.791901
0.147940	999.933350	399.991760	1195.816772	422.030151
0.149562	999.933350	399.991669	1195.725708	422.268188
0.151183	999.933411	399.991577	1195.633667	422.506012
0.152803	999.933472	399.991486	1195.540649	422.743622
0.154423	999.933533	399.991394	1195.446655	422.980988
0.156042	999.933594	399.991302	1195.351685	423.218140
0.157660	999.933655	399.991211	1195.255737	423.455078
0.159277	999.933716	399.991119	1195.158813	423.691772
0.160894	999.933777	399.991028	1195.060913	423.928223
0.162510	999.933838	399.990936	1194.962158	424.164459
0.164125	999.933899	399.990845	1194.862427	424.400452
0.165739	999.933960	399.990753	1194.761719	424.636200
0.167353	999.934021	399.990662	1194.660034	424.871704
0.168965	999.934082	399.990570	1194.557373	425.106964
0.170577	999.934143	399.990479	1194.453735	425.341980
0.172189	999.934204	399.990387	1194.349243	425.576752
0.173799	999.934265	399.990295	1194.243774	425.811279
0.175409	999.934326	399.990204	1194.137329	426.045563
0.177017	999.934387	399.990112	1194.029907	426.279602
0.178625	999.934448	399.990021	1193.921509	426.513367
0.180232	999.934509	399.989929	1193.812256	426.746887
0.181839	999.934570	399.989838	1193.702026	426.980133
0.183444	999.934631	399.989746	1193.590820	427.213135
0.185049	999.934692	399.989655	1193.478760	427.445862
0.186652	999.934753	399.989563	1193.365723	427.678345
0.188255	999.934814	399.989471	1193.251709	427.910553
0.189857	999.934875	399.989380	1193.136841	428.142487
0.191459	999.934937	399.989288	1193.020996	428.374146
0.193059	999.934998	399.989197	1192.904175	428.605530
0.194658	999.935059	399.989105	1192.786499	428.836639
0.196257	999.935120	399.989014	1192.667847	429.067474
0.197854	999.935181	399.988922	1192.548218	429.298035
0.199451	999.935242	399.988831	1192.427734	429.528320
0.201047	999.935303	399.988739	1192.306274	429.758301
0.202642	999.935364	399.988647	1192.183960	429.988007
0.204236	999.935425	399.988556	1192.060669	430.217438
0.205829	999.935486	399.988464	1191.936401	430.446564
0.207421	999.935547	399.988403	1191.811279	430.675415
0.209013	999.935608	399.988342	1191.685181	430.903961
0.210603	999.935669	399.988281	1191.558228	431.132233
0.212192	999.935730	399.988220	1191.430298	431.360199
0.213781	999.935791	399.988159	1191.301514	431.587860
0.215368	999.935852	399.988098	1191.171753	431.815216
0.216955	999.935913	399.988037	1191.041138	432.042267
0.218540	999.935974	399.987976	1190.909546	432.269012
0.220125	999.936035	399.987915	1190.777100	432.495453
0.221709	999.936096	399.987854	1190.643677	432.721588
0.223291	999.936157	399.987793	1190.509399	432.947418
0.224873	999.936218	399.987732	1190.374268	433.172943
0.226454	999.936279	399.987671	1190.238159	433.398163
0.228033	999.936340	399.987610	1190.101196	433.623077
0.229612	999.936401	399.987549	1189.963257	433.847656
0.231190	999.936462	399.987488	1189.824463	434.071930
0.232766	999.936523	399.987427	1189.684814	434.295868
0.234342	999.936584	399.987366	1189.544189	434.519501
0.235917	999.936646	399.987305	1189.402710	434.742798
0.237490	999.936707	399.987244	1189.260376	434.965759
0.239063	999.936768	399.987183	1189.117065	435.188416
0.240635	999.936829	399.987122	1188.972900	435.410736
0.242205	999.936890	399.987061	1188.827881	435.632721
0.243775	999.936951	399.987000	1188.682007	435.854370
0.245343	999.937012	399.986938	1188.535156	436.075684
0.246911	999.937073	399.986877	1188.387451	436.296661
0.248477	999.937134	399.986816	1188.238892	436.517303
0.250043	999.937195	399.986755	1188.089478	436.737610
0.251607	999.937256	399.986694	1187.939087	436.957581
0.253170	999.937317	399.986633	1187.787842	437.177216
0.254732	999.937378	399.986572	1187.635742	437.396515
0.256293	999.937439	399.986511	1187.482788	437.615448
0.257853	999.937500	399.986450	1187.328979	437.834045
0.259412	999.937561	399.986389	1187.174316	438.052277
0.260970	999.937622	399.986328	1187.018799	438.270172
0.262527	999.937683	399.986267	1186.862305	438.487701
0.264082	999.937744	399.986206	1186.704956	438.704895
0.265637	999.937805	399.986145	1186.546753	438.921722
0.267190	999.937866	399.986084	1186.387695	439.138184
0.268743	999.937927	399.986023	1186.227783	439.354309
0.270294	999.937988	399.985962	1186.067017	439.570068
0.271844	999.938049	399.985901	1185.905396	439.785461
0.273393	999.938110	399.985840	1185.742920	440.000488
0.274941	999.938171	399.985779	1185.579590	440.215149
0.276488	999.938232	399.985718	1185.415405	440.429443
0.278033	999.938293	399.985657	1185.250366	440.643372
0.279578	999.938354	399.985596	1185.084473	440.856934
0.281121	999.938416	399.985535	1184.917725	441.070129
0.282663	999.938477	399.985474	1184.750122	441.282959
0.284204	999.938538	399.985413	1184.581665	441.495392
0.285744	999.938599	399.985352	1184.412354	441.707458
0.287283	999.938660	399.985291	1184.242310	441.919159
0.288821	999.938721	399.985229	1184.071411	442.130463
0.290357	999.938782	399.985168	1183.899658	442.341400
0.291892	999.938843	399.985107	1183.727051	442.551941
0.293427	999.938904	399.985046	1183.553589	442.762115
0.294960	999.938965	399.984985	1183.379272	442.971893
0.296491	999.939026	399.984924	1183.204102	443.181274
0.298022	999.939087	399.984863	1183.028198	443.390289
0.299551	999.939148	399.984802	1182.851440	443.598907
0.301080	999.939209	399.984741	1182.673828	443.807129
0.302607	999.939270	399.984680	1182.495361	444.014954
0.304132	999.939331	399.984619	1182.316162	444.222382
0.305657	999.939392	399.984558	1182.136108	444.429413
0.307181	999.939453	399.984497	1181.955200	444.636047
0.308703	999.939514	399.984436	1181.773438	444.842285
0.310224	999.939575	399.984375	1181.590942	445.048126
0.311744	999.939636	399.984314	1181.407593	445.253571
0.313262	999.939697	399.984253	1181.223389	445.458618
0.314780	999.939758	399.984192	1181.038452	445.663239
0.316296	999.939819	399.984131	1180.852661	445.867462
0.317811	999.939880	399.984070	1180.666138	446.071289
0.319325	999.939941	399.984009	1180.478760	446.274689
0.320837	999.940002	399.983948	1180.290527	446.477692
0.322349	999.940063	399.983887	1180.101563	446.680298
0.323859	999.940125	399.983826	1179.911743	446.882477
0.325368	999.940186	399.983765	1179.721191	447.084229
0.326875	999.940247	399.983704	1179.529785	447.285583
0.328382	999.940308	399.983643	1179.337646	447.486511
0.329887	999.940369	399.983582	1179.144653	447.687042
0.331391	999.940430	399.983521	1178.950928	447.887146
0.332894	999.940491	399.983459	1178.756348	448.086823
0.334395	999.940552	399.983398	1178.561035	448.286072
0.335895	999.940613	399.983337	1178.364868	448.484894
0.337394	999.940674	399.983276	1178.167969	448.683289
0.338892	999.940735	399.983215	1177.970215	448.881256
0.340388	999.940796	399.983154	1177.771729	449.078796
0.341883	999.940857	399.983093	1177.572388	449.275909
0.343377	999.940918	399.983032	1177.372314	449.472595
0.344870	999.940979	399.982971	1177.171509	449.668854
0.346361	999.941040	399.982910	1176.969849	449.864685
0.347851	999.941101	399.982849	1176.767456	450.060089
0.349340	999.941162	399.982788	1176.564331	450.255035
0.350827	999.941223	399.982727	1176.360352	450.449554
0.352314	999.941284	399.982666	1176.155640	450.643646
0.353799	999.941345	399.982605	1175.950195	450.837280
0.355282	999.941406	399.982544	1175.743896	451.030487
0.356765	999.941467	399.982483	1175.536865	451.223236
0.358246	999.941528	399.982422	1175.329102	451.415558
0.359726	999.941589	399.982361	1175.120605	451.607422
0.361204	999.941650	399.982300	1174.911255	451.798859
0.362681	999.941711	399.982239	1174.701172	451.989838
0.364157	999.941772	399.982178	1174.490356	452.180389
0.365632	999.941833	399.982117	1174.278809	452.370483
0.367105	999.941895	399.982056	1174.066528	452.560120
0.368577	999.941956	399.981995	1173.853394	452.749298
0.370048	999.942017	399.981934	1173.639526	452.938019
0.371517	999.942078	399.981873	1173.424927	453.126282
0.372985	999.942139	399.981812	1173.209595	453.314117
0.374452	999.942200	399.981750	1172.993530	453.501495
0.375918	999.942261	399.981689	1172.776733	453.688416
0.377382	999.942322	399.981628	1172.559204	453.874878
0.378844	999.942383	399.981567	1172.340942	454.060852
0.380306	999.942444	399.981506	1172.121948	454.246368
0.381766	999.942505	399.981445	1171.902222	454.431427
0.383225	999.942566	399.981384	1171.681763	454.616028
0.384683	999.942627	399.981323	1171.460449	454.800171
0.386139	999.942688	399.981262	1171.238403	454.983826
0.387594	999.942749	399.981201	1171.015747	455.167023
0.389047	999.942810	399.981140	1170.792358	455.349762
0.390499	999.942871	399.981079	1170.568237	455.532013
0.391950	999.942932	399.981018	1170.343384	455.713806
0.393400	999.942993	399.980957	1170.117798	455.895142
0.394848	999.943054	399.980896	1169.891479	456.075989
0.396295	999.943115	399.980835	1169.664429	456.256348
0.397740	999.943176	399.980774	1169.436646	456.436249
0.399185	999.943237	399.980713	1169.208130	456.615662
0.400627	999.943298	399.980652	1168.978882	456.794617
0.402069	999.943359	399.980591	1168.748901	456.973083
0.403509	999.943420	399.980530	1168.518188	457.151062
0.404948	999.943481	399.980469	1168.286865	457.328552
0.406385	999.943542	399.980408	1168.054810	457.505585
0.407821	999.943604	399.980347	1167.822021	457.682129
0.409256	999.943665	399.980286	1167.588501	457.858185
0.410690	999.943726	399.980225	1167.354248	458.033752
0.412122	999.943787	399.980164	1167.119385	458.208832
0.413552	999.943848	399.980103	1166.883789	458.383423
0.414981	999.943909	399.980042	1166.647461	458.557526
0.416409	999.943970	399.979980	1166.410522	458.731140
0.417836	999.944031	399.979919	1166.172852	458.904266
0.419261	999.944092	399.979858	1165.934448	459.076904
0.420685	999.944153	399.979797	1165.695313	459.249023
0.422108	999.944214	399.979736	1165.455566	459.420654
0.423529	999.944275	399.979675	1165.215088	459.591797
0.424948	999.944336	399.979614	1164.973877	459.762451
0.426367	999.944397	399.979553	1164.732056	459.932587
0.427784	999.944458	399.979492	1164.489502	460.102234
0.429199	999.944519	399.979431	1164.246338	460.271393
0.430614	999.944580	399.979370	1164.002441	460.440033
0.432027	999.944641	399.979309	1163.757813	460.608185
0.433438	999.944702	399.979248	1163.512573	460.775818
0.434848	999.944763	399.979187	1163.266602	460.942963
0.436257	999.944824	399.979126	1163.020020	461.109589
0.437664	999.944885	399.979065	1162.772705	461.275696
0.439070	999.944946	399.979004	1162.524780	461.441315
0.440475	999.945007	399.978943	1162.276123	461.606415
0.441878	999.945068	399.978882	1162.026855	461.770996
0.443280	999.945129	399.978821	1161.776855	461.935089
0.444680	999.945190	399.978760	1161.526245	462.098663
0.446079	999.945251	399.978699	1161.274902	462.261719
0.447477	999.945313	399.978638	1161.022949	462.424255
0.448873	999.945374	399.978577	1160.770264	462.586273
0.450268	999.945435	399.978516	1160.516968	462.747772
0.451662	999.945496	399.978455	1160.263062	462.908752
0.453054	999.945557	399.978394	1160.008423	463.069214
0.454444	999.945618	399.978333	1159.753174	463.229156
0.455834	999.945679	399.978271	1159.497192	463.388580
0.457222	999.945740	399.978210	1159.240601	463.547485
0.458608	999.945801	399.978149	1158.983398	463.705872
0.459993	999.945862	399.978088	1158.725464	463.863739
0.461377	999.945923	399.978027	1158.466919	464.021088
0.462759	999.945984	399.977966	1158.207764	464.177887
0.464140	999.946045	399.977905	1157.947876	464.334167
0.465520	999.946106	399.977844	1157.687378	464.489929
0.466898	999.946167	399.977783	1157.426270	464.645142
0.468275	999.946228	399.977722	1157.164551	464.799835
0.469650	999.946289	399.977661	1156.902100	464.954010
0.471024	999.946350	399.977600	1156.639038	465.107635
0.472396	999.946411	399.977539	1156.375366	465.260742
0.473767	999.946472	399.977478	1156.111084	465.413300
0.475137	999.946533	399.977417	1155.846191	465.565308
0.476505	999.946594	399.977356	1155.580566	465.716797
0.477872	999.946655	399.977295	1155.314331	465.867737
0.479238	999.946716	399.977234	1155.047485	466.018158
0.480602	999.946777	399.977173	1154.780029	466.168030
0.481964	999.946838	399.977112	1154.511963	466.317352
0.483326	999.946899	399.977051	1154.243286	466.466125
0.484685	999.946960	399.976990	1153.973999	466.614380
0.486044	999.947021	399.976929	1153.704102	466.762085
0.487401	999.947083	399.976868	1153.433472	466.909241
0.488756	999.947144	399.976807	1153.162231	467.055847
0.490111	999.947205	399.976746	1152.890381	467.201904
0.491463	999.947266	399.976685	1152.617920	467.347412
0.492815	999.947327	399.976624	1152.344849	467.492371
0.494164	999.947388	399.976563	1152.071167	467.636780
0.495513	999.947449	399.976501	1151.796875	467.780640
0.496860	999.947571	399.976440	1151.521973	467.923950
0.498206	999.947693	399.976379	1151.246460	468.066711
0.499550	999.947815	399.976318	1150.970337	468.208923
0.500893	999.947937	399.976257	1150.693604	468.350555
0.502234	999.948059	399.976196	1150.416260	468.491638
0.503574	999.948181	399.976135	1150.138306	468.632172
0.504913	999.948303	399.976074	1149.859863	468.772156
0.506250	999.948425	399.976013	1149.580811	468.911560
0.507585	999.948547	399.975952	1149.301147	469.050415
0.508920	999.948669	399.975891	1149.020874	469.188690
0.510252	999.948792	399.975830	1148.739990	469.326416
0.511584	999.948914	399.975800	1148.458496	469.463562
0.512914	999.949036	399.975769	1148.176392	469.600159
0.514242	999.949158	399.975739	1147.893677	469.736176
0.515570	999.949280	399.975708	1147.610474	469.871643
0.516895	999.949402	399.975677	1147.326660	470.006531
0.518220	999.949524	399.975647	1147.042236	470.140869
0.519542	999.949646	399.975616	1146.757202	470.274628
0.520864	999.949768	399.975586	1146.471558	470.407806
0.522184	999.949890	399.975555	1146.185425	470.540405
0.523502	999.950012	399.975525	1145.898682	470.672455
0.524820	999.950134	399.975494	1145.611328	470.803925
0.526135	999.950256	399.975464	1145.323364	470.934814
0.527450	999.950378	399.975433	1145.034912	471.065125
0.528762	999.950500	399.975403	1144.745850	471.194855
0.530074	999.950623	399.975372	1144.456177	471.324005
0.531384	999.950745	399.975342	1144.166016	471.452576
0.532692	999.950867	399.975311	1143.875244	471.580566
0.533999	999.950989	399.975281	1143.583862	471.707977
0.535305	999.951111	399.975250	1143.291992	471.834808
0.536609	999.951233	399.975220	1142.999512	471.961060
0.537912	999.951355	399.975189	1142.706421	472.086731
0.539213	999.951477	399.975159	1142.412842	472.211792
0.540513	999.951599	399.975128	1142.118652	472.336273
0.541812	999.951721	399.975098	1141.823975	472.460175
0.543109	999.951843	399.975067	1141.528687	472.583496
0.544405	999.951965	399.975037	1141.232788	472.706207
0.545699	999.952087	399.975006	1140.936401	472.828339
0.546991	999.952209	399.974976	1140.639404	472.949860
0.548283	999.952332	399.974945	1140.341919	473.070801
0.549573	999.952454	399.974915	1140.043823	473.191162
0.550861	999.952576	399.974884	1139.745239	473.310913
0.552148	999.952698	399.974854	1139.446045	473.430054
0.553434	999.952820	399.974823	1139.146362	473.548615
0.554718	999.952942	399.974792	1138.846069	473.666565
0.556000	999.953064	399.974762	1138.545288	473.783936
0.557282	999.953186	399.974731	1138.243896	473.900696
0.558561	999.953308	399.974701	1137.942017	474.016846
0.559840	999.953430	399.974670	1137.639526	474.132385
0.561117	999.953552	399.974640	1137.336548	474.247345
0.562392	999.953674	399.974609	1137.033081	474.361694
0.563666	999.953796	399.974579	1136.729004	474.475433
0.564939	999.953918	399.974548	1136.424438	474.588562
0.566210	999.954041	399.974518	1136.119385	474.701080
0.567479	999.954163	399.974487	1135.813721	474.812988
0.568748	999.954285	399.974457	1135.507568	474.924286
0.570014	999.954407	399.974426	1135.200806	475.034973
0.571280	999.954529	399.974396	1134.893555	475.145050
0.572544	999.954651	399.974365	1134.585815	475.254517
0.573806	999.954773	399.974335	1134.277588	475.363373
0.575067	999.954895	399.974304	1133.968750	475.471588
0.576327	999.955017	399.974274	1133.659424	475.579193
0.577585	999.955139	399.974243	1133.349609	475.686188
0.578842	999.955261	399.974213	1133.039185	475.792572
0.580097	999.955383	399.974182	1132.728271	475.898315
0.581351	999.955505	399.974152	1132.416870	476.003448
0.582603	999.955627	399.974121	1132.104980	476.107941
0.583854	999.955750	399.974091	1131.792603	476.211823
0.585103	999.955872	399.974060	1131.479614	476.315094
0.586351	999.955994	399.974030	1131.166138	476.417725
0.587598	999.956116	399.973999	1130.852173	476.519714
0.588843	999.956238	399.973969	1130.537720	476.621094
0.590087	999.956360	399.973938	1130.222778	476.721832
0.591329	999.956482	399.973907	1129.907349	476.821960
0.592570	999.956604	399.973877	1129.591309	476.921448
0.593809	999.956726	399.973846	1129.274780	477.020294
0.595047	999.956848	399.973816	1128.957764	477.118500
0.596283	999.956970	399.973785	1128.640259	477.216064
0.597518	999.957092	399.973755	1128.322266	477.313019
0.598752	999.957214	399.973724	1128.003784	477.409332
0.599984	999.957336	399.973694	1127.684814	477.505005
0.601215	999.957458	399.973663	1127.365356	477.600037
0.602444	999.957581	399.973633	1127.045410	477.694427
0.603671	999.957703	399.973602	1126.724976	477.788177
0.604898	999.957825	399.973572	1126.404053	477.881287
0.606123	999.957947	399.973541	1126.082642	477.973724
0.607346	999.958069	399.973511	1125.760742	478.065521
0.608568	999.958191	399.973480	1125.438354	478.156677
0.609788	999.958313	399.973450	1125.115479	478.247192
0.611007	999.958435	399.973419	1124.792114	478.337067
0.612225	999.958557	399.973389	1124.468262	478.426270
0.613441	999.958679	399.973358	1124.143921	478.514832
0.614656	999.958801	399.973328	1123.819092	478.602722
0.615869	999.958923	399.973297	1123.493774	478.689972
0.617081	999.959045	399.973267	1123.167969	478.776550
0.618291	999.959167	399.973236	1122.841675	478.862488
0.619500	999.959290	399.973206	1122.514893	478.947754
0.620708	999.959412	399.973175	1122.187744	479.032379
0.621913	999.959534	399.973145	1121.860107	479.116333
0.623118	999.959656	399.973114	1121.531982	479.199615
0.624321	999.959778	399.973083	1121.203369	479.282257
0.625523	999.959900	399.973053	1120.874268	479.364227
0.626723	999.960022	399.973022	1120.544678	479.445526
0.627922	999.960144	399.972992	1120.214722	479.526154
0.629119	999.960266	399.972961	1119.884277	479.606110
0.630315	999.960388	399.972931	1119.553345	479.685394
0.631509	999.960510	399.972900	1119.221924	479.764008
0.632702	999.960632	399.972870	1118.890137	479.841949
0.633893	999.960754	399.972839	1118.557861	479.919220
0.635083	999.960876	399.972809	1118.225098	479.995819
0.636272	999.960999	399.972778	1117.891846	480.071747
0.637459	999.961121	399.972748	1117.558228	480.147003
0.638644	999.961243	399.972717	1117.224121	480.221588
0.639829	999.961365	399.972687	1116.889526	480.295502
0.641011	999.961487	399.972656	1116.554565	480.368713
0.642193	999.961609	399.972626	1116.219116	480.441254
0.643372	999.961731	399.972595	1115.883179	480.513092
0.644551	999.961853	399.972565	1115.546875	480.584259
0.645728	999.961975	399.972534	1115.210083	480.654755
0.646903	999.962097	399.972504	1114.872803	480.724548
0.648077	999.962219	399.972473	1114.535156	480.793640
0.649250	999.962341	399.972443	1114.197021	480.862061
0.650421	999.962463	399.972412	1113.858521	480.929779
0.651590	999.962585	399.972382	1113.519531	480.996826
0.652758	999.962708	399.972351	1113.180176	481.063171
0.653925	999.962830	399.972321	1112.840332	481.128815
0.655090	999.962952	399.972290	1112.500122	481.193756
0.656254	999.963074	399.972260	1112.159424	481.257996
0.657417	999.963196	399.972229	1111.818359	481.321533
0.658577	999.963318	399.972198	1111.476807	481.384369
0.659737	999.963440	399.972168	1111.134888	481.446503
0.660895	999.963562	399.972137	1110.792480	481.507935
0.662051	999.963684	399.972107	1110.449707	481.568665
0.663206	999.963806	399.972076	1110.106445	481.628693
0.664360	999.963928	399.972046	1109.762817	481.688019
0.665512	999.964050	399.972015	1109.418701	481.746643
0.666663	999.964172	399.971985	1109.074219	481.804535
0.667812	999.964294	399.971954	1108.729248	481.861725
0.668960	999.964417	399.971924	1108.383911	481.918213
0.670106	999.964539	399.971893	1108.038208	481.973969
0.671251	999.964661	399.971863	1107.692017	482.029022
0.672394	999.964783	399.971832	1107.345459	482.083344
0.673536	999.964905	399.971802	1106.998535	482.136963
0.674677	999.965027	399.971771	1106.651123	482.189850
0.675816	999.965149	399.971741	1106.303345	482.242004
0.676953	999.965271	399.971710	1105.955200	482.293457
0.678089	999.965393	399.971680	1105.606567	482.344177
0.679224	999.965515	399.971649	1105.257568	482.394165
0.680357	999.965637	399.971619	1104.908203	482.443420
0.681489	999.965759	399.971588	1104.558472	482.491943
0.682619	999.965881	399.971558	1104.208252	482.539734
0.683748	999.966003	399.971527	1103.857666	482.586792
0.684875	999.966125	399.971497	1103.506714	482.633118
0.686001	999.966248	399.971497	1103.155396	482.678711
0.687125	999.966370	399.971497	1102.803711	482.723572
0.688248	999.966492	399.971497	1102.451538	482.767700
0.689370	999.966614	399.971497	1102.098999	482.811096
0.690490	999.966736	399.971497	1101.746094	482.853729
0.691608	999.966858	399.971497	1101.392822	482.895630
0.692725	999.966980	399.971497	1101.039185	482.936798
0.693841	999.967102	399.971497	1100.685181	482.977203
0.694955	999.967224	399.971497	1100.330811	483.016876
0.696068	999.967346	399.971497	1099.975952	483.055786
0.697179	999.967468	399.971497	1099.620728	483.093964
0.698289	999.967590	399.971497	1099.265137	483.131378
0.699397	999.967712	399.971497	1098.909180	483.168030
0.700504	999.967834	399.971497	1098.552856	483.203918
0.701610	999.967957	399.971497	1098.196167	483.239075
0.702713	999.968079	399.971497	1097.839111	483.273468
0.703816	999.968201	399.971497	1097.481689	483.307098
0.704917	999.968323	399.971497	1097.123901	483.339966
0.706017	999.968445	399.971497	1096.765747	483.372070
0.707115	999.968567	399.971497	1096.407227	483.403412
0.708211	999.968689	399.971497	1096.048340	483.433990
0.709306	999.968811	399.971497	1095.689087	483.463806
0.710400	999.968933	399.971497	1095.329468	483.492828
0.711492	999.969055	399.971497	1094.969482	483.521088
0.712583	999.969177	399.971497	1094.609253	483.548584
0.713673	999.969299	399.971497	1094.248657	483.575287
0.714760	999.969421	399.971497	1093.887695	483.601227
0.715847	999.969543	399.971497	1093.526367	483.626373
0.716932	999.969666	399.971497	1093.164673	483.650757
0.718015	999.969788	399.971497	1092.802612	483.674347
0.719097	999.969910	399.971497	1092.440186	483.697144
0.720178	999.970032	399.971497	1092.077515	483.719177
0.721257	999.970154	399.971497	1091.714478	483.740417
0.722334	999.970276	399.971497	1091.351074	483.760864
0.723410	999.970398	399.971497	1090.987305	483.780518
0.724485	999.970520	399.971497	1090.623291	483.799377
0.725558	999.970642	399.971497	1090.258911	483.817444
0.726630	999.970764	399.971497	1089.894165	483.834717
0.727700	999.970886	399.971497	1089.529053	483.851196
0.728769	999.971008	399.971497	1089.163696	483.866882
0.729836	999.971130	399.971497	1088.797974	483.881744
0.730902	999.971252	399.971497	1088.431885	483.895813
0.731967	999.971375	399.971497	1088.065552	483.909088
0.733030	999.971497	399.971497	1087.698853	483.921539
0.734091	999.971619	399.971497	1087.331787	483.933197
0.735151	999.971741	399.971497	1086.964478	483.944031
0.736210	999.971863	399.971497	1086.596802	483.954041
0.737267	999.971985	399.971497	1086.228882	483.963257
0.738322	999.972107	399.971497	1085.860596	483.971649
0.739376	999.972229	399.971497	1085.491943	483.979218
0.740429	999.972351	399.971497	1085.123047	483.985962
0.741480	999.972473	399.971497	1084.753784	483.991882
0.742530	999.972595	399.971497	1084.384277	483.996979
0.743578	999.972717	399.971497	1084.014404	484.001251
0.744625	999.972839	399.971497	1083.644287	484.004700
0.745670	999.972961	399.971497	1083.273804	484.007324
0.746714	999.973083	399.971497	1082.903076	484.009125
0.747756	999.973206	399.971497	1082.532104	484.010071
0.748797	999.973328	399.971497	1082.160767	484.010193
0.749837	999.973450	399.971497	1081.789185	484.009491
0.750874	999.973572	399.971497	1081.417236	484.007935
0.751911	999.973694	399.971497	1081.045044	484.005524
0.752946	999.973816	399.971497	1080.672607	484.002289
0.753979	999.973938	399.971497	1080.299805	483.998199
0.755011	999.974060	399.971497	1079.926758	483.993256
0.756042	999.974182	399.971497	1079.553467	483.987457
0.757071	999.974304	399.971497	1079.179810	483.980804
0.758099	999.974426	399.971497	1078.805908	483.973328
0.759125	999.974548	399.971497	1078.431763	483.964966
0.760150	999.974670	399.971497	1078.057251	483.955750
0.761173	999.974792	399.971497	1077.682495	483.945679
0.762195	999.974915	399.971497	1077.307495	483.934753
0.763215	999.975037	399.971497	1076.932251	483.922974
0.764234	999.975159	399.971497	1076.556763	483.910309
0.765251	999.975281	399.971497	1076.180908	483.896790
0.766267	999.975403	399.971497	1075.804810	483.882385
0.767281	999.975525	399.971497	1075.428467	483.867126
0.768294	999.975647	399.971497	1075.051880	483.850983
0.769305	999.975769	399.971497	1074.675049	483.833954
0.770315	999.975891	399.971497	1074.297974	483.816040
0.771324	999.976013	399.971497	1073.920654	483.797241
0.772331	999.976135	399.971497	1073.543091	483.777557
0.773336	999.976257	399.971497	1073.165283	483.756989
0.774340	999.976379	399.971497	1072.787231	483.735535
0.775343	999.976501	399.971497	1072.408936	483.713196
0.776344	999.976624	399.971497	1072.030396	483.689972
0.777343	999.976746	399.971497	1071.651611	483.665833
0.778342	999.976868	399.971497	1071.272583	483.640808
0.779338	999.976990	399.971497	1070.893311	483.614868
0.780333	999.977112	399.971497	1070.513794	483.588043
0.781327	999.977234	399.971497	1070.134033	483.560303
0.782319	999.977356	399.971497	1069.754028	483.531647
0.783310	999.977478	399.971497	1069.373779	483.502106
0.784299	999.977600	399.971497	1068.993286	483.471649
0.785287	999.977722	399.971497	1068.612549	483.440277
0.786273	999.977844	399.971497	1068.231689	483.407990
0.787258	999.977966	399.971497	1067.850586	483.374786
0.788241	999.978088	399.971497	1067.469238	483.340637
0.789223	999.978210	399.971497	1067.087646	483.305573
0.790203	999.978333	399.971497	1066.705811	483.269592
0.791182	999.978455	399.971497	1066.323853	483.232666
0.792159	999.978577	399.971497	1065.941650	483.194824
0.793135	999.978699	399.971497	1065.559204	483.156036
0.794110	999.978821	399.971497	1065.176636	483.116333
0.795083	999.978943	399.971497	1064.793823	483.075684
0.796054	999.979065	399.971497	1064.410767	483.034088
0.797024	999.979187	399.971497	1064.027588	482.991547
0.797993	999.979309	399.971497	1063.644165	482.948059
0.798959	999.979431	399.971497	1063.260620	482.903625
0.799925	999.979553	399.971497	1062.876831	482.858246
0.800889	999.979675	399.971527	1062.492920	482.811890
0.801851	999.979797	399.971558	1062.108765	482.764587
0.802812	999.979919	399.971588	1061.724487	482.716339
0.803772	999.980042	399.971619	1061.339966	482.667114
0.804730	999.980164	399.971649	1060.955322	482.616943
0.805687	999.980286	399.971680	1060.570435	482.565796
0.806642	999.980408	399.971710	1060.185425	482.513672
0.807595	999.980530	399.971741	1059.800293	482.460571
0.808547	999.980652	399.971771	1059.414917	482.406494
0.809498	999.980774	399.971802	1059.029419	482.351440
0.810447	999.980896	399.971832	1058.643799	482.295410
0.811394	999.981018	399.971863	1058.257935	482.238403
0.812341	999.981140	399.971893	1057.871948	482.180389
0.813285	999.981262	399.971924	1057.485840	482.121399
0.814228	999.981384	399.971954	1057.099487	482.061401
0.815170	999.981506	399.971985	1056.713013	482.000427
0.816110	999.981628	399.972015	1056.326416	481.938446
0.817049	999.981750	399.972046	1055.939697	481.875458
0.817986	999.981873	399.972076	1055.552856	481.811493
0.818922	999.981995	399.972107	1055.165894	481.746521
0.819856	999.982117	399.972137	1054.778809	481.680511
0.820788	999.982239	399.972168	1054.391602	481.613495
0.821720	999.982361	399.972198	1054.004150	481.545471
0.822649	999.982483	399.972229	1053.616577	481.476440
0.823578	999.982605	399.972260	1053.228882	481.406372
0.824504	999.982727	399.972290	1052.841064	481.335297
0.825429	999.982849	399.972321	1052.453247	481.263184
0.826353	999.982971	399.972351	1052.065308	481.190033
0.827275	999.983093	399.972382	1051.677246	481.115845
0.828196	999.983215	399.972412	1051.289063	481.040619
0.829115	999.983337	399.972443	1050.900757	480.964355
0.830033	999.983459	399.972473	1050.512329	480.887054
0.830949	999.983582	399.972504	1050.123779	480.808716
0.831864	999.983704	399.972534	1049.735229	480.729340
0.832777	999.983826	399.972565	1049.346558	480.648895
0.833689	999.983948	399.972595	1048.957764	480.567413
0.834599	999.984070	399.972626	1048.568848	480.484863
0.835508	999.984192	399.972656	1048.179932	480.401245
0.836415	999.984314	399.972687	1047.790894	480.316559
0.837321	999.984436	399.972717	1047.401855	480.230804
0.838225	999.984558	399.972748	1047.012695	480.143982
0.839128	999.984680	399.972778	1046.623413	480.056091
0.840029	999.984802	399.972809	1046.234131	479.967133
0.840929	999.984924	399.972839	1045.844727	479.877075
0.841827	999.985046	399.972870	1045.455322	479.785950
0.842724	999.985168	399.972900	1045.065796	479.693726
0.843619	999.985291	399.972931	1044.676270	479.600433
0.844513	999.985413	399.972961	1044.286743	479.506042
0.845405	999.985535	399.972992	1043.897095	479.410553
0.846295	999.985657	399.973022	1043.507446	479.313965
0.847185	999.985779	399.973053	1043.117798	479.216278
0.848072	999.985901	399.973083	1042.728027	479.117462
0.848958	999.986023	399.973114	1042.338257	479.017548
0.849843	999.986145	399.973145	1041.948486	478.916504
0.850726	999.986267	399.973175	1041.558716	478.814362
0.851608	999.986389	399.973206	1041.168945	478.711090
0.852488	999.986511	399.973236	1040.779175	478.606689
0.853367	999.986633	399.973267	1040.389282	478.501160
0.854244	999.986755	399.973297	1039.999390	478.394501
0.855119	999.986877	399.973328	1039.609497	478.286713
0.855993	999.987000	399.973358	1039.219604	478.177795
0.856866	999.987122	399.973389	1038.829712	478.067719
0.857737	999.987244	399.973419	1038.439941	477.956512
0.858607	999.987366	399.973450	1038.050171	477.844147
0.859475	999.987488	399.973480	1037.660400	477.730621
0.860341	999.987610	399.973511	1037.270630	477.615936
0.861206	999.987732	399.973541	1036.880859	477.500092
0.862070	999.987854	399.973572	1036.491089	477.383087
0.862932	999.987976	399.973602	1036.101440	477.264923
0.863792	999.988098	399.973633	1035.711792	477.145569
0.864651	999.988220	399.973663	1035.322144	477.025055
0.865509	999.988342	399.973694	1034.932617	476.903351
0.866365	999.988464	399.973724	1034.543091	476.780457
0.867219	999.988586	399.973755	1034.153687	476.656403
0.868072	999.988708	399.973785	1033.764282	476.531158
0.868923	999.988831	399.973816	1033.375000	476.404694
0.869773	999.988953	399.973846	1032.985718	476.277039
0.870622	999.989075	399.973877	1032.596558	476.148193
0.871468	999.989197	399.973907	1032.207520	476.018127
0.872314	999.989319	399.973938	1031.818481	475.886871
0.873158	999.989441	399.973969	1031.429565	475.754395
0.874000	999.989563	399.973999	1031.040771	475.620697
0.874841	999.989685	399.974030	1030.652100	475.485779
0.875680	999.989807	399.974060	1030.263550	475.349640
0.876518	999.989929	399.974121	1029.875000	475.212250
0.877354	999.990051	399.974182	1029.486572	475.073639
0.878189	999.990173	399.974243	1029.098267	474.933777
0.879022	999.990295	399.974304	1028.710083	474.792694
0.879854	999.990417	399.974365	1028.322021	474.650360
0.880684	999.990540	399.974426	1027.934204	474.506775
0.881512	999.990662	399.974487	1027.546509	474.361938
0.882339	999.990784	399.974548	1027.158936	474.215820
0.883165	999.990906	399.974609	1026.771484	474.068451
0.883989	999.991028	399.974670	1026.384155	473.919800
0.884812	999.991150	399.974731	1025.997070	473.769897
0.885633	999.991272	399.974792	1025.610107	473.618713
0.886452	999.991394	399.974854	1025.223389	473.466248
0.887270	999.991516	399.974915	1024.836792	473.312500
0.888087	999.991638	399.974976	1024.450439	473.157471
0.888902	999.991760	399.975037	1024.064209	473.001129
0.889715	999.991882	399.975098	1023.678223	472.843506
0.890527	999.992004	399.975159	1023.292419	472.684570
0.891337	999.992126	399.975220	1022.906799	472.524323
0.892146	999.992249	399.975281	1022.521423	472.362762
0.892954	999.992371	399.975342	1022.136292	472.199890
0.893759	999.992493	399.975403	1021.751343	472.035706
0.894564	999.992615	399.975464	1021.366638	471.870209
0.895366	999.992737	399.975525	1020.982178	471.703369
0.896168	999.992859	399.975586	1020.597961	471.535217
0.896967	999.992981	399.975647	1020.213989	471.365723
0.897765	999.993103	399.975708	1019.830322	471.194885
0.898562	999.993225	399.975769	1019.446899	471.022705
0.899357	999.993347	399.975830	1019.063721	470.849152
0.900151	999.993469	399.975891	1018.680847	470.674255
0.900943	999.993591	399.975952	1018.298279	470.498016
0.901734	999.993713	399.976013	1017.916016	470.320404
0.902523	999.993835	399.976074	1017.533997	470.141418
0.903310	999.993958	399.976135	1017.152283	469.961060
0.904096	999.994080	399.976196	1016.770935	469.779327
0.904881	999.994202	399.976257	1016.389893	469.596222
0.905663	999.994324	399.976318	1016.009155	469.411713
0.906445	999.994446	399.976379	1015.628784	469.225800
0.907225	999.994568	399.976440	1015.248779	469.038513
0.908003	999.994690	399.976501	1014.869080	468.849823
0.908780	999.994812	399.976563	1014.489746	468.659729
0.909555	999.994934	399.976624	1014.110779	468.468201
0.910329	999.995056	399.976685	1013.732178	468.275269
0.911101	999.995178	399.976746	1013.354004	468.080933
0.911872	999.995300	399.976807	1012.976196	467.885162
0.912641	999.995422	399.976868	1012.598816	467.687958
0.913409	999.995544	399.976929	1012.221802	467.489319
0.914175	999.995667	399.976990	1011.845215	467.289246
0.914940	999.995789	399.977051	1011.469055	467.087738
0.915703	999.995911	399.977112	1011.093323	466.884766
0.916465	999.996033	399.977173	1010.718018	466.680328
0.917225	999.996155	399.977234	1010.343201	466.474457
0.917983	999.996277	399.977295	1009.968811	466.267120
0.918740	999.996399	399.977356	1009.594910	466.058319
0.919496	999.996521	399.977417	1009.221497	465.848022
0.920250	999.996643	399.977478	1008.848572	465.636261
0.921002	999.996765	399.977539	1008.476135	465.423004
0.921753	999.996887	399.977600	1008.104187	465.208282
0.922503	999.997009	399.977661	1007.732727	464.992065
0.923251	999.997131	399.977722	1007.361816	464.774353
0.923997	999.997253	399.977783	1006.991455	464.555115
0.924742	999.997375	399.977844	1006.621582	464.334381
0.925485	999.997498	399.977905	1006.252319	464.112152
0.926227	999.997620	399.977966	1005.883606	463.888397
0.926968	999.997742	399.978027	1005.515442	463.663116
0.927707	999.997864	399.978088	1005.147888	463.436310
0.928444	999.997986	399.978149	1004.780884	463.207977
0.929180	999.998108	399.978241	1004.414490	462.978119
0.929914	999.998230	399.978333	1004.048706	462.746704
0.930647	999.998352	399.978424	1003.683533	462.513733
0.931378	999.998474	399.978516	1003.319031	462.279236
0.932108	999.998596	399.978607	1002.955139	462.043182
0.932836	999.998718	399.978699	1002.591919	461.805573
0.933563	999.998840	399.978790	1002.229370	461.566376
0.934288	999.998962	399.978882	1001.867493	461.325623
0.935012	999.999084	399.978973	1001.506287	461.083282
0.935734	999.999207	399.979065	1001.145813	460.839386
0.936455	999.999329	399.979156	1000.786011	460.593903
0.937174	999.999451	399.979248	1000.426941	460.346832
0.937892	999.999573	399.979340	1000.068604	460.098175
0.938608	999.999695	399.979431	999.711060	459.847900
0.939323	999.999817	399.979523	999.354248	459.596039
0.940036	999.999939	399.979614	998.998230	459.342560
0.940748	1000.000061	399.979706	998.642944	459.087463
0.941458	1000.000183	399.979797	998.288452	458.830750
0.942167	1000.000305	399.979889	997.934814	458.572418
0.942874	1000.000427	399.979980	997.581970	458.312469
0.943580	1000.000549	399.980072	997.229980	458.050903
0.944284	1000.000671	399.980164	996.878845	457.787689
0.944987	1000.000793	399.980255	996.528564	457.522827
0.945688	1000.000916	399.980347	996.179138	457.256348
0.946388	1000.001038	399.980438	995.830627	456.988220
0.947086	1000.001160	399.980530	995.482971	456.718414
0.947783	1000.001282	399.980621	995.136230	456.446960
0.948479	1000.001404	399.980713	994.790466	456.173859
0.949173	1000.001526	399.980804	994.445618	455.899078
0.949865	1000.001648	399.980896	994.101746	455.622650
0.950556	1000.001770	399.980988	993.758850	455.344543
0.951245	1000.001892	399.981079	993.416931	455.064758
0.951933	1000.002014	399.981171	993.075989	454.783295
0.952620	1000.002136	399.981262	992.736084	454.500153
0.953305	1000.002258	399.981354	992.397217	454.215302
0.953989	1000.002380	399.981445	992.059387	453.928772
0.954671	1000.002502	399.981537	991.722595	453.640564
0.955352	1000.002625	399.981628	991.386902	453.350647
0.956031	1000.002747	399.981720	991.052307	453.059021
0.956709	1000.002869	399.981812	990.718811	452.765686
0.957385	1000.002991	399.981903	990.386414	452.470642
0.958060	1000.003113	399.981995	990.055176	452.173889
0.958733	1000.003235	399.982086	989.725098	451.875427
0.959405	1000.003357	399.982178	989.396179	451.575256
0.960076	1000.003479	399.982269	989.068420	451.273346
0.960745	1000.003601	399.982361	988.741882	450.969727
0.961413	1000.003723	399.982452	988.416565	450.664368
0.962079	1000.003845	399.982544	988.092529	450.357269
0.962744	1000.003967	399.982635	987.769714	450.048431
0.963408	1000.004089	399.982727	987.448181	449.737885
0.964070	1000.004211	399.982819	987.127930	449.425598
0.964730	1000.004333	399.982910	986.809021	449.111572
0.965389	1000.004456	399.983002	986.491394	448.795776
0.966047	1000.004578	399.983093	986.175171	448.478241
0.966704	1000.004700	399.983185	985.860291	448.158966
0.967359	1000.004822	399.983307	985.546814	447.837952
0.968012	1000.004944	399.983429	985.234741	447.515167
0.968665	1000.005066	399.983551	984.924072	447.190643
0.969315	1000.005188	399.983673	984.614807	446.864349
0.969965	1000.005310	399.983795	984.307007	446.536316
0.970613	1000.005432	399.983917	984.000732	446.206512
0.971260	1000.005554	399.984039	983.695923	445.874969
0.971905	1000.005676	399.984161	983.392639	445.541656
0.972549	1000.005798	399.984283	983.090881	445.206604
0.973192	1000.005920	399.984406	982.790710	444.869781
0.973833	1000.006042	399.984528	982.492126	444.531189
0.974473	1000.006165	399.984650	982.195129	444.190826
0.975111	1000.006287	399.984772	981.899719	443.848724
0.975749	1000.006409	399.984894	981.605957	443.504852
0.976385	1000.006531	399.985016	981.313843	443.159210
0.977019	1000.006653	399.985138	981.023438	442.811829
0.977652	1000.006775	399.985260	980.734741	442.462677
0.978284	1000.006897	399.985382	980.447754	442.111786
0.978915	1000.007019	399.985504	980.162537	441.759125
0.979544	1000.007141	399.985626	979.879089	441.404724
0.980173	1000.007263	399.985748	979.597412	441.048553
0.980799	1000.007385	399.985870	979.317566	440.690643
0.981425	1000.007507	399.985992	979.039551	440.330963
0.982049	1000.007629	399.986115	978.763367	439.969543
0.982672	1000.007690	399.986237	978.489075	439.606384
0.983294	1000.007751	399.986359	978.216675	439.241486
0.983914	1000.007813	399.986481	977.946228	438.874847
0.984533	1000.007874	399.986603	977.677734	438.506470
0.985151	1000.007935	399.986725	977.411194	438.136353
0.985768	1000.007996	399.986847	977.146667	437.764496
0.986383	1000.008057	399.986969	976.884155	437.390930
0.986997	1000.008118	399.987091	976.623657	437.015656
0.987610	1000.008179	399.987213	976.365234	436.638641
0.988222	1000.008240	399.987335	976.108887	436.259918
0.988833	1000.008301	399.987457	975.854675	435.879486
0.989442	1000.008362	399.987579	975.602600	435.497375
0.990051	1000.008423	399.987701	975.352661	435.113556
0.990658	1000.008484	399.987823	975.104919	434.728058
0.991264	1000.008545	399.987946	974.859375	434.340881
0.991868	1000.008606	399.988068	974.616089	433.952026
0.992472	1000.008667	399.988190	974.375061	433.561493
0.993074	1000.008728	399.988312	974.136292	433.169312
0.993676	1000.008789	399.988434	973.899841	432.775452
0.994276	1000.008850	399.988556	973.665710	432.379974
0.994875	1000.008911	399.988678	973.433960	431.982849
0.995473	1000.008972	399.988800	973.204590	431.584106
0.996070	1000.009033	399.988922	972.977600	431.183716
0.996666	1000.009094	399.989044	972.753052	430.781738
0.997261	1000.009155	399.989166	972.530945	430.378143
0.997855	1000.009216	399.989288	972.311340	429.972961
0.998447	1000.009277	399.989410	972.094238	429.566193
0.999039	1000.009338	399.989532	971.879700	429.157867
0.999630	1000.009399	399.989655	971.667664	428.747986
1.000219	1000.009460	399.989777	971.458252	428.336548
1.000808	1000.009521	399.989929	971.251404	427.923584
1.001396	1000.009583	399.990082	971.047180	427.509094
1.001982	1000.009644	399.990234	970.845642	427.093109
1.002568	1000.009705	399.990387	970.646790	426.675629
1.003153	1000.009766	399.990540	970.450623	426.256683
1.003736	1000.009827	399.990692	970.257141	425.836243
1.004319	1000.009888	399.990845	970.066467	425.414368
1.004901	1000.009949	399.990997	969.878540	424.991058
1.005482	1000.010010	399.991150	969.693420	424.566315
1.006063	1000.010071	399.991302	969.511108	424.140167
1.006642	1000.010132	399.991455	969.331665	423.712646
1.007220	1000.010193	399.991608	969.155090	423.283752
1.007798	1000.010254	399.991760	968.981384	422.853485
1.008375	1000.010315	399.991913	968.810608	422.421875
1.008951	1000.010376	399.992065	968.642761	421.988953
1.009526	1000.010437	399.992218	968.477844	421.554718
1.010100	1000.010498	399.992371	968.315918	421.119202
1.010674	1000.010559	399.992523	968.156982	420.682434
1.011246	1000.010620	399.992676	968.001099	420.244415
1.011818	1000.010681	399.992828	967.848267	419.805176
1.012390	1000.010742	399.992981	967.698486	419.364716
1.012960	1000.010803	399.993134	967.551819	418.923096
1.013530	1000.010864	399.993286	967.408264	418.480316
1.014099	1000.010925	399.993439	967.267822	418.036377
1.014668	1000.010986	399.993591	967.130554	417.591309
1.015235	1000.011047	399.993744	966.996460	417.145172
1.015803	1000.011108	399.993896	966.865540	416.697937
1.016369	1000.011169	399.994049	966.737854	416.249664
1.016935	1000.011230	399.994202	966.613403	415.800354
1.017500	1000.011292	399.994354	966.492188	415.350037
1.018065	1000.011353	399.994507	966.374268	414.898743
1.018629	1000.011414	399.994659	966.259644	414.446503
1.019193	1000.011475	399.994812	966.148315	413.993347
1.019756	1000.011536	399.994965	966.040283	413.539276
1.020319	1000.011597	399.995117	965.935608	413.084320
1.020881	1000.011658	399.995270	965.834290	412.628510
1.021443	1000.011719	399.995422	965.736328	412.171875
1.022004	1000.011780	399.995575	965.641785	411.714447
1.022564	1000.011780	399.995728	965.550659	411.256256
1.023125	1000.011780	399.995880	965.462891	410.797302
1.023685	1000.011780	399.996033	965.378601	410.337646
1.024244	1000.011780	399.996185	965.297729	409.877289
1.024803	1000.011780	399.996338	965.220337	409.416290
1.025362	1000.011780	399.996490	965.146362	408.954651
1.025920	1000.011780	399.996643	965.075867	408.492401
1.026478	1000.011780	399.996796	965.008911	408.029572
1.027036	1000.011780	399.996948	964.945435	407.566223
1.027594	1000.011780	399.997101	964.885437	407.102356
1.028151	1000.011780	399.997253	964.828979	406.638000
1.028708	1000.011780	399.997406	964.776062	406.173187
1.029265	1000.011780	399.997559	964.726685	405.707947
1.029822	1000.011780	399.997711	964.680847	405.242310
1.030378	1000.011780	399.997864	964.638550	404.776306
1.030934	1000.011780	399.998016	964.599792	404.309967
1.031490	1000.011780	399.998169	964.564636	403.843323
1.032046	1000.011780	399.998322	964.533020	403.376404
1.032602	1000.011780	399.998474	964.505005	402.909241
1.033158	1000.011780	399.998627	964.480530	402.441864
1.033713	1000.011780	399.998779	964.459656	401.974335
1.034269	1000.011780	399.998932	964.442322	401.506653
1.034824	1000.011780	399.999084	964.428589	401.038849
1.035380	1000.011780	399.999237	964.418457	400.570953
1.035935	1000.011780	399.999390	964.411926	400.102997
1.036491	1000.011780	399.999542	964.408936	399.635010
1.037046	1000.011780	399.999695	964.409546	399.167053
1.037602	1000.011780	399.999847	964.413757	398.699127
1.038158	1000.011780	400.000000	964.421509	398.231262
1.038713	1000.011780	400.000153	964.432861	397.763519
1.039269	1000.011780	400.000305	964.447815	397.295898
1.039825	1000.011780	400.000458	964.466309	396.828430
1.040381	1000.011780	400.000610	964.488342	396.361176
1.040938	1000.011780	400.000763	964.513977	395.894135
1.041494	1000.011780	400.000916	964.543152	395.427338
1.042051	1000.011780	400.001068	964.575867	394.960846
1.042608	1000.011780	400.001221	964.612122	394.494659
1.043165	1000.011780	400.001373	964.651917	394.028809
1.043722	1000.011780	400.001526	964.695251	393.563354
1.044280	1000.011780	400.001678	964.742065	393.098297
1.044838	1000.011780	400.001831	964.792419	392.633667
1.045396	1000.011780	400.001984	964.846252	392.169525
1.045955	1000.011780	400.002136	964.903564	391.705872
1.046514	1000.011780	400.002289	964.964355	391.242737
1.047073	1000.011780	400.002441	965.028625	390.780151
1.047633	1000.011780	400.002594	965.096375	390.318146
1.048193	1000.011780	400.002747	965.167542	389.856750
1.048754	1000.011780	400.002899	965.242126	389.395996
1.049315	1000.011780	400.003052	965.320129	388.935883
1.049876	1000.011780	400.003204	965.401550	388.476471
1.050438	1000.011780	400.003357	965.486328	388.017792
1.051001	1000.011780	400.003510	965.574463	387.559845
1.051564	1000.011780	400.003662	965.665955	387.102661
1.052127	1000.011719	400.003815	965.760803	386.646271
1.052691	1000.011658	400.003967	965.858948	386.190704
1.053256	1000.011597	400.004120	965.960449	385.735992
1.053821	1000.011536	400.004272	966.065186	385.282166
1.054386	1000.011475	400.004425	966.173218	384.829224
1.054953	1000.011414	400.004578	966.284485	384.377197
1.055520	1000.011353	400.004730	966.398987	383.926117
1.056087	1000.011292	400.004883	966.516724	383.476013
1.056656	1000.011230	400.005035	966.637634	383.026886
1.057225	1000.011169	400.005188	966.761719	382.578766
1.057794	1000.011108	400.005341	966.888977	382.131683
1.058364	1000.011047	400.005493	967.019348	381.685669
1.058935	1000.010986	400.005646	967.152832	381.240723
1.059507	1000.010925	400.005798	967.289429	380.796906
1.060080	1000.010864	400.005951	967.429077	380.354187
1.060653	1000.010803	400.006104	967.571777	379.912628
1.061227	1000.010742	400.006256	967.717529	379.472229
1.061802	1000.010681	400.006409	967.866272	379.032990
1.062377	1000.010620	400.006561	968.018005	378.594971
1.062954	1000.010559	400.006714	968.172729	378.158173
1.063531	1000.010498	400.006866	968.330383	377.722595
1.064109	1000.010437	400.007019	968.490967	377.288269
1.064688	1000.010376	400.007172	968.654419	376.855225
1.065268	1000.010315	400.007324	968.820740	376.423462
1.065848	1000.010254	400.007477	968.989929	375.993011
1.066430	1000.010193	400.007629	969.161926	375.563873
1.067013	1000.010132	400.007782	969.336731	375.136078
1.067596	1000.010071	400.007935	969.514343	374.709625
1.068180	1000.010010	400.008087	969.694702	374.284546
1.068766	1000.009949	400.008240	969.877808	373.860840
1.069352	1000.009888	400.008392	970.063599	373.438538
1.069939	1000.009827	400.008545	970.252075	373.017639
1.070527	1000.009766	400.008698	970.443237	372.598175
1.071117	1000.009705	400.008850	970.637024	372.180145
1.071707	1000.009644	400.009003	970.833435	371.763550
1.072298	1000.009583	400.009155	971.032410	371.348419
1.072890	1000.009521	400.009308	971.233948	370.934753
1.073484	1000.009460	400.009460	971.438049	370.522583
1.074078	1000.009399	400.009583	971.644653	370.111908
1.074674	1000.009338	400.009705	971.853760	369.702728
1.075270	1000.009277	400.009827	972.065308	369.295074
1.075868	1000.009216	400.009949	972.279297	368.888947
1.076466	1000.009155	400.010071	972.495728	368.484344
1.077066	1000.009094	400.010193	972.714539	368.081299
1.077667	1000.009033	400.010315	972.935730	367.679810
1.078269	1000.008972	400.010437	973.159241	367.279877
1.078872	1000.008911	400.010559	973.385071	366.881500
1.079476	1000.008850	400.010681	973.613220	366.484711
1.080082	1000.008789	400.010803	973.843628	366.089508
1.080688	1000.008728	400.010925	974.076294	365.695892
1.081296	1000.008667	400.011047	974.311218	365.303894
1.081905	1000.008606	400.011169	974.548340	364.913483
1.082515	1000.008545	400.011292	974.787598	364.524689
1.083126	1000.008484	400.011414	975.029053	364.137512
1.083739	1000.008423	400.011536	975.272644	363.751984
1.084353	1000.008362	400.011658	975.518311	363.368073
1.084967	1000.008301	400.011780	975.766052	362.985809
1.085584	1000.008240	400.011902	976.015869	362.605164
1.086201	1000.008179	400.012024	976.267761	362.226166
1.086820	1000.008118	400.012146	976.521667	361.848816
1.087439	1000.008057	400.012268	976.777527	361.473145
1.088060	1000.007996	400.012390	977.035400	361.099121
1.088683	1000.007935	400.012512	977.295227	360.726746
1.089306	1000.007874	400.012634	977.556946	360.356049
1.089931	1000.007813	400.012756	977.820618	359.987030
1.090557	1000.007751	400.012878	978.086121	359.619659
1.091185	1000.007690	400.013000	978.353516	359.253967
1.091814	1000.007629	400.013123	978.622742	358.889954
1.092444	1000.007568	400.013245	978.893799	358.527618
1.093075	1000.007507	400.013367	979.166626	358.166962
1.093708	1000.007446	400.013489	979.441223	357.807983
1.094342	1000.007324	400.013611	979.717590	357.450684
1.094977	1000.007202	400.013733	979.995728	357.095093
1.095613	1000.007080	400.013855	980.275574	356.741180
1.096251	1000.006958	400.013977	980.557068	356.388947
1.096891	1000.006836	400.014099	980.840271	356.038391
1.097531	1000.006714	400.014221	981.125122	355.689545
1.098173	1000.006592	400.014343	981.411560	355.342377
1.098816	1000.006470	400.014465	981.699646	354.996887
1.099461	1000.006348	400.014587	981.989319	354.653107
1.100107	1000.006226	400.014709	982.280579	354.311005
1.100754	1000.006104	400.014832	982.573364	353.970581
1.101403	1000.005981	400.014954	982.867676	353.631866
1.102053	1000.005859	400.015076	983.163513	353.294830
1.102705	1000.005737	400.015198	983.460815	352.959473
1.103358	1000.005615	400.015320	983.759644	352.625824
1.104012	1000.005493	400.015442	984.059937	352.293854
1.104668	1000.005371	400.015564	984.361633	351.963562
1.105325	1000.005249	400.015686	984.664734	351.634949
1.105983	1000.005127	400.015808	984.969238	351.308014
1.106643	1000.005005	400.015930	985.275146	350.982758
1.107305	1000.004883	400.016052	985.582397	350.659180
1.107967	1000.004761	400.016174	985.890991	350.337280
1.108631	1000.004639	400.016266	986.200928	350.017059
1.109297	1000.004517	400.016357	986.512207	349.698517
1.109964	1000.004395	400.016449	986.824768	349.381653
1.110632	1000.004272	400.016541	987.138611	349.066437
1.111302	1000.004150	400.016632	987.453735	348.752899
1.111973	1000.004028	400.016724	987.770081	348.441040
1.112646	1000.003906	400.016815	988.087646	348.130829
1.113320	1000.003784	400.016907	988.406433	347.822266
1.113996	1000.003662	400.016998	988.726440	347.515381
1.114673	1000.003540	400.017090	989.047607	347.210144
1.115351	1000.003418	400.017181	989.369934	346.906555
1.116031	1000.003296	400.017273	989.693420	346.604614
1.116712	1000.003174	400.017365	990.018005	346.304321
1.117395	1000.003052	400.017456	990.343750	346.005676
1.118080	1000.002930	400.017548	990.670593	345.708649
1.118765	1000.002808	400.017639	990.998474	345.413269
1.119452	1000.002686	400.017731	991.327454	345.119507
1.120141	1000.002563	400.017822	991.657471	344.827393
1.120831	1000.002441	400.017914	991.988525	344.536896
1.121523	1000.002319	400.018005	992.320618	344.248016
1.122216	1000.002197	400.018097	992.653748	343.960754
1.122910	1000.002075	400.018188	992.987854	343.675110
1.123606	1000.001953	400.018280	993.322937	343.391083
1.124304	1000.001831	400.018372	993.658997	343.108673
1.125003	1000.001709	400.018463	993.996033	342.827850
1.125703	1000.001587	400.018555	994.333984	342.548645
1.126405	1000.001465	400.018646	994.672913	342.271027
1.127109	1000.001343	400.018738	995.012756	341.994995
1.127813	1000.001221	400.018829	995.353516	341.720551
1.128520	1000.001099	400.018921	995.695129	341.447693
1.129228	1000.000977	400.019012	996.037659	341.176422
1.129937	1000.000854	400.019104	996.381042	340.906738
1.130648	1000.000732	400.019196	996.725281	340.638611
1.131360	1000.000610	400.019287	997.070313	340.372070
1.132074	1000.000488	400.019379	997.416199	340.107086
1.132789	1000.000366	400.019470	997.762878	339.843658
1.133506	1000.000244	400.019562	998.110413	339.581787
1.134224	1000.000122	400.019653	998.458740	339.321472
1.134944	1000.000000	400.019745	998.807800	339.062714
1.135666	999.999878	400.019836	999.157654	338.805481
1.136388	999.999756	400.019928	999.508240	338.549805
1.137113	999.999634	400.020020	999.859558	338.295654
1.137838	999.999512	400.020111	1000.211670	338.043030
1.138566	999.999390	400.020203	1000.564453	337.791931
1.139295	999.999268	400.020294	1000.917969	337.542358
1.140025	999.999146	400.020386	1001.272156	337.294312
1.140757	999.999023	400.020477	1001.627075	337.047791
1.141490	999.998901	400.020569	1001.982666	336.802765
1.142225	999.998779	400.020660	1002.338928	336.559235
1.142961	999.998657	400.020752	1002.695862	336.317230
1.143699	999.998535	400.020844	1003.053406	336.076721
1.144439	999.998413	400.020935	1003.411621	335.837708
1.145179	999.998291	400.021027	1003.770447	335.600159
1.145922	999.998169	400.021118	1004.129883	335.364105
1.146666	999.998047	400.021210	1004.489929	335.129517
1.147411	999.997925	400.021301	1004.850586	334.896423
1.148158	999.997803	400.021393	1005.211792	334.664795
1.148907	999.997681	400.021484	1005.573608	334.434631
1.149657	999.997559	400.021545	1005.935974	334.205933
1.150408	999.997437	400.021606	1006.298889	333.978699
1.151161	999.997314	400.021667	1006.662354	333.752899
1.151916	999.997192	400.021729	1007.026367	333.528564
1.152672	999.997070	400.021790	1007.390930	333.305664
1.153429	999.996948	400.021851	1007.756042	333.084198
1.154188	999.996826	400.021912	1008.121643	332.864166
1.154949	999.996704	400.021973	1008.487732	332.645569
1.155711	999.996582	400.022034	1008.854309	332.428406
1.156475	999.996460	400.022095	1009.221375	332.212646
1.157240	999.996338	400.022156	1009.588928	331.998322
1.158006	999.996216	400.022217	1009.956970	331.785400
1.158775	999.996094	400.022278	1010.325439	331.573883
1.159544	999.995972	400.022339	1010.694397	331.363770
1.160316	999.995850	400.022400	1011.063782	331.155060
1.161088	999.995728	400.022461	1011.433594	330.947754
1.161863	999.995605	400.022522	1011.803833	330.741852
1.162638	999.995483	400.022583	1012.174500	330.537323
1.163416	999.995361	400.022644	1012.545593	330.334167
1.164195	999.995239	400.022705	1012.917114	330.132385
1.164975	999.995117	400.022766	1013.289001	329.931976
1.165757	999.994995	400.022827	1013.661316	329.732941
1.166540	999.994873	400.022888	1014.033997	329.535278
1.167325	999.994751	400.022949	1014.407043	329.338989
1.168112	999.994629	400.023010	1014.780457	329.144043
1.168900	999.994507	400.023071	1015.154236	328.950439
1.169689	999.994385	400.023132	1015.528381	328.758209
1.170480	999.994263	400.023193	1015.902893	328.567322
1.171273	999.994141	400.023254	1016.277710	328.377777
1.172067	999.994019	400.023315	1016.652893	328.189545
1.172862	999.993896	400.023376	1017.028381	328.002655
1.173659	999.993774	400.023438	1017.404175	327.817078
1.174458	999.993652	400.023499	1017.780273	327.632843
1.175258	999.993530	400.023560	1018.156677	327.449921
1.176060	999.993408	400.023621	1018.533386	327.268311
1.176863	999.993286	400.023682	1018.910400	327.088013
1.177667	999.993164	400.023743	1019.287720	326.909027
1.178474	999.993042	400.023804	1019.665283	326.731323
1.179281	999.992920	400.023865	1020.043152	326.554932
1.180091	999.992798	400.023926	1020.421265	326.379822
1.180902	999.992676	400.023987	1020.799683	326.206024
1.181714	999.992554	400.024048	1021.178345	326.033508
1.182528	999.992432	400.024109	1021.557251	325.862274
1.183343	999.992310	400.024170	1021.936401	325.692322
1.184160	999.992188	400.024231	1022.315796	325.523621
1.184978	999.992065	400.024292	1022.695374	325.356201
1.185798	999.991943	400.024353	1023.075195	325.190033
1.186620	999.991821	400.024414	1023.455261	325.025146
1.187442	999.991699	400.024475	1023.835510	324.861511
1.188267	999.991577	400.024536	1024.215942	324.699127
1.189093	999.991455	400.024597	1024.596558	324.537994
1.189920	999.991333	400.024658	1024.977417	324.378113
1.190749	999.991211	400.024719	1025.358521	324.219482
1.191580	999.991089	400.024780	1025.739746	324.062073
1.192412	999.990967	400.024841	1026.121216	323.905914
1.193245	999.990845	400.024902	1026.502808	323.750977
1.194080	999.990723	400.024963	1026.884521	323.597260
1.194917	999.990601	400.025024	1027.266479	323.444763
1.195755	999.990479	400.025085	1027.648560	323.293488
1.196595	999.990356	400.025146	1028.030762	323.143433
1.197436	999.990234	400.025208	1028.413208	322.994598
1.198279	999.990112	400.025269	1028.795776	322.846954
1.199123	999.989990	400.025330	1029.178467	322.700531
1.199968	999.989868	400.025391	1029.561279	322.555298
1.200816	999.989746	400.025452	1029.944214	322.411255
1.201664	999.989624	400.025513	1030.327271	322.268402
1.202514	999.989502	400.025574	1030.710449	322.126740
1.203366	999.989380	400.025635	1031.093750	321.986267
1.204219	999.989258	400.025696	1031.477173	321.846985
1.205074	999.989136	400.025757	1031.860718	321.708862
1.205930	999.989014	400.025787	1032.244385	321.571930
1.206788	999.988892	400.025818	1032.628052	321.436157
1.207647	999.988770	400.025848	1033.011841	321.301544
1.208508	999.988647	400.025879	1033.395752	321.168121
1.209371	999.988525	400.025909	1033.779785	321.035858
1.210234	999.988403	400.025940	1034.163818	320.904724
1.211100	999.988281	400.025970	1034.547974	320.774750
1.211967	999.988159	400.026001	1034.932129	320.645935
1.212835	999.988037	400.026031	1035.316406	320.518250
1.213705	999.987915	400.026062	1035.700684	320.391724
1.214576	999.987793	400.026093	1036.085083	320.266327
1.215449	999.987671	400.026123	1036.469482	320.142059
1.216323	999.987549	400.026154	1036.854004	320.018951
1.217199	999.987427	400.026184	1037.238525	319.896973
1.218077	999.987305	400.026215	1037.623047	319.776093
1.218956	999.987183	400.026245	1038.007690	319.656342
1.219836	999.987061	400.026276	1038.392334	319.537720
1.220718	999.986938	400.026306	1038.776978	319.420227
1.221601	999.986816	400.026337	1039.161621	319.303833
1.222486	999.986694	400.026367	1039.546387	319.188538
1.223373	999.986572	400.026398	1039.931152	319.074371
1.224261	999.986450	400.026428	1040.315918	318.961304
1.225150	999.986328	400.026459	1040.700684	318.849335
1.226041	999.986206	400.026489	1041.085449	318.738464
1.226933	999.986084	400.026520	1041.470215	318.628662
1.227827	999.985962	400.026550	1041.854980	318.519958
1.228723	999.985840	400.026581	1042.239746	318.412354
1.229620	999.985718	400.026611	1042.624512	318.305817
1.230518	999.985596	400.026642	1043.009277	318.200378
1.231418	999.985474	400.026672	1043.394043	318.096008
1.232320	999.985352	400.026703	1043.778687	317.992706
1.233222	999.985229	400.026733	1044.163330	317.890472
1.234127	999.985107	400.026764	1044.547974	317.789307
1.235033	999.984985	400.026794	1044.932617	317.689209
1.235940	999.984863	400.026825	1045.317261	317.590179
1.236849	999.984741	400.026855	1045.701782	317.492218
1.237760	999.984619	400.026886	1046.086304	317.395294
1.238672	999.984497	400.026917	1046.470825	317.299438
1.239585	999.984375	400.026947	1046.855225	317.204620
1.240500	999.984253	400.026978	1047.239624	317.110870
1.241416	999.984131	400.027008	1047.623901	317.018158
1.242334	999.984009	400.027039	1048.008179	316.926483
1.243254	999.983887	400.027069	1048.392334	316.835846
1.244175	999.983765	400.027100	1048.776489	316.746246
1.245097	999.983643	400.027130	1049.160522	316.657684
1.246021	999.983521	400.027161	1049.544556	316.570129
1.246946	999.983398	400.027191	1049.928467	316.483612
1.247873	999.983276	400.027222	1050.312256	316.398132
1.248802	999.983154	400.027252	1050.696045	316.313660
1.249732	999.983032	400.027283	1051.079712	316.230194
1.250663	999.982910	400.027313	1051.463257	316.147766
1.251596	999.982788	400.027344	1051.846802	316.066345
1.252530	999.982666	400.027374	1052.230225	315.985931
1.253466	999.982544	400.027405	1052.613525	315.906525
1.254403	999.982422	400.027435	1052.996704	315.828125
1.255342	999.982300	400.027466	1053.379883	315.750732
1.256282	999.982178	400.027496	1053.762939	315.674347
1.257224	999.982056	400.027527	1054.145874	315.598938
1.258168	999.981934	400.027557	1054.528687	315.524536
1.259112	999.981812	400.027588	1054.911377	315.451111
1.260059	999.981689	400.027618	1055.293945	315.378693
1.261006	999.981567	400.027649	1055.676392	315.307251
1.261956	999.981445	400.027679	1056.058716	315.236786
1.262906	999.981323	400.027710	1056.440918	315.167297
1.263859	999.981201	400.027740	1056.822998	315.098785
1.264812	999.981079	400.027771	1057.204956	315.031250
1.265768	999.980957	400.027802	1057.586792	314.964691
1.266724	999.980835	400.027832	1057.968506	314.899109
1.267682	999.980713	400.027863	1058.350098	314.834503
1.268642	999.980591	400.027893	1058.731567	314.770844
1.269603	999.980469	400.027924	1059.112915	314.708160
1.270566	999.980347	400.027954	1059.494019	314.646423
1.271530	999.980225	400.027985	1059.875000	314.585663
1.272496	999.980103	400.028015	1060.255859	314.525848
1.273463	999.979980	400.028046	1060.636597	314.466980
1.274431	999.979858	400.028076	1061.017212	314.409058
1.275401	999.979736	400.028107	1061.397583	314.352081
1.276373	999.979614	400.028137	1061.777832	314.296051
1.277346	999.979492	400.028168	1062.157959	314.240967
1.278320	999.979370	400.028198	1062.537842	314.186829
1.279296	999.979248	400.028229	1062.917603	314.133636
1.280274	999.979126	400.028259	1063.297241	314.081360
1.281253	999.979004	400.028290	1063.676636	314.030029
1.282233	999.978882	400.028320	1064.055908	313.979645
1.283215	999.978760	400.028351	1064.434937	313.930176
1.284199	999.978638	400.028381	1064.813843	313.881622
1.285183	999.978516	400.028412	1065.192505	313.834015
1.286170	999.978394	400.028442	1065.571045	313.787323
1.287158	999.978271	400.028473	1065.949341	313.741547
1.288147	999.978149	400.028473	1066.327515	313.696686
1.289138	999.978027	400.028473	1066.705444	313.652740
1.290130	999.977905	400.028473	1067.083252	313.609711
1.291124	999.977783	400.028473	1067.460815	313.567596
1.292119	999.977661	400.028473	1067.838135	313.526398
1.293116	999.977539	400.028473	1068.215332	313.486084
1.294114	999.977417	400.028473	1068.592285	313.446686
1.295114	999.977295	400.028473	1068.969116	313.408173
1.296115	999.977173	400.028473	1069.345703	313.370575
1.297117	999.977051	400.028473	1069.722046	313.333862
1.298121	999.976929	400.028473	1070.098145	313.298065
1.299127	999.976807	400.028473	1070.474121	313.263153
1.300134	999.976685	400.028473	1070.849854	313.229126
1.301142	999.976563	400.028473	1071.225342	313.195984
1.302152	999.976440	400.028473	1071.600586	313.163727
1.303164	999.976318	400.028473	1071.975708	313.132355
1.304177	999.976196	400.028473	1072.350586	313.101868
1.305191	999.976074	400.028473	1072.725220	313.072266
1.306207	999.975952	400.028473	1073.099609	313.043549
1.307224	999.975830	400.028473	1073.473755	313.015686
1.308243	999.975708	400.028473	1073.847656	312.988708
1.309264	999.975586	400.028473	1074.221313	312.962616
1.310285	999.975464	400.028473	1074.594727	312.937378
1.311309	999.975342	400.028473	1074.968018	312.913025
1.312333	999.975220	400.028473	1075.341064	312.889526
1.313359	999.975098	400.028473	1075.713867	312.866882
1.314387	999.974976	400.028473	1076.086426	312.845123
1.315416	999.974854	400.028473	1076.458740	312.824219
1.316447	999.974731	400.028473	1076.830811	312.804169
1.317479	999.974609	400.028473	1077.202637	312.784973
1.318513	999.974487	400.028473	1077.574219	312.766632
1.319548	999.974365	400.028473	1077.945435	312.749146
1.320584	999.974243	400.028473	1078.316406	312.732513
1.321622	999.974121	400.028473	1078.687134	312.716736
1.322661	999.973999	400.028473	1079.057617	312.701782
1.323702	999.973877	400.028473	1079.427856	312.687683
1.324745	999.973755	400.028473	1079.797852	312.674438
1.325788	999.973633	400.028473	1080.167603	312.662018
1.326834	999.973511	400.028473	1080.537109	312.650452
1.327881	999.973389	400.028473	1080.906250	312.639709
1.328929	999.973267	400.028473	1081.275146	312.629791
1.329979	999.973145	400.028473	1081.643799	312.620728
1.331030	999.973022	400.028473	1082.012207	312.612488
1.332082	999.972900	400.028473	1082.380249	312.605072
1.333136	999.972778	400.028473	1082.748047	312.598480
1.334192	999.972656	400.028473	1083.115601	312.592712
1.335249	999.972534	400.028473	1083.482910	312.587769
1.336308	999.972412	400.028473	1083.849854	312.583649
1.337368	999.972290	400.028473	1084.216553	312.580353
1.338429	999.972168	400.028473	1084.583008	312.577881
1.339492	999.972046	400.028473	1084.949097	312.576233
1.340556	999.971924	400.028473	1085.314941	312.575409
1.341622	999.971802	400.028473	1085.680420	312.575378
1.342689	999.971680	400.028473	1086.045654	312.576172
1.343758	999.971558	400.028473	1086.410645	312.577759
1.344828	999.971436	400.028473	1086.775269	312.580170
1.345900	999.971313	400.028473	1087.139648	312.583374
1.346973	999.971191	400.028473	1087.503662	312.587402
1.348048	999.971069	400.028473	1087.867432	312.592224
1.349124	999.970947	400.028473	1088.230835	312.597839
1.350201	999.970825	400.028473	1088.593994	312.604248
1.351280	999.970703	400.028473	1088.956787	312.611481
1.352361	999.970581	400.028473	1089.319336	312.619507
1.353443	999.970459	400.028473	1089.681519	312.628326
1.354526	999.970337	400.028473	1090.043457	312.637939
1.355611	999.970215	400.028473	1090.405029	312.648346
1.356698	999.970093	400.028473	1090.766235	312.659546
1.357785	999.969971	400.028473	1091.127197	312.671509
1.358875	999.969849	400.028473	1091.487793	312.684265
1.359965	999.969727	400.028473	1091.848145	312.697815
1.361058	999.969604	400.028473	1092.208130	312.712158
1.362151	999.969482	400.028473	1092.567749	312.727264
1.363246	999.969360	400.028473	1092.927124	312.743164
1.364343	999.969238	400.028473	1093.286133	312.759827
1.365441	999.969116	400.028473	1093.644775	312.777283
1.366540	999.968994	400.028473	1094.003174	312.795502
1.367641	999.968872	400.028473	1094.361206	312.814514
1.368744	999.968750	400.028473	1094.718872	312.834290
1.369848	999.968628	400.028473	1095.076172	312.854828
1.370953	999.968506	400.028473	1095.433228	312.876129
1.372060	999.968384	400.028473	1095.789917	312.898224
1.373168	999.968262	400.028473	1096.146240	312.921082
1.374278	999.968140	400.028473	1096.502197	312.944702
1.375389	999.968018	400.028473	1096.857788	312.969086
1.376501	999.967896	400.028473	1097.213135	312.994232
1.377615	999.967773	400.028473	1097.568115	313.020142
1.378731	999.967651	400.028473	1097.922729	313.046814
1.379848	999.967529	400.028473	1098.276978	313.074219
1.380966	999.967407	400.028473	1098.630859	313.102386
1.382086	999.967285	400.028473	1098.984375	313.131317
1.383208	999.967163	400.028473	1099.337524	313.161011
1.384331	999.967041	400.028473	1099.690308	313.191437
1.385455	999.966919	400.028473	1100.042847	313.222626
1.386581	999.966797	400.028473	1100.395020	313.254547
1.387708	999.966675	400.028473	1100.746826	313.287231
1.388837	999.966553	400.028473	1101.098267	313.320648
1.389967	999.966431	400.028473	1101.449341	313.354828
1.391098	999.966309	400.028473	1101.800049	313.389740
1.392231	999.966187	400.028473	1102.150391	313.425385
1.393366	999.966064	400.028473	1102.500366	313.461792
1.394502	999.965942	400.028473	1102.849976	313.498932
1.395639	999.965820	400.028473	1103.199219	313.536804
1.396778	999.965698	400.028473	1103.548096	313.575409
1.397918	999.965576	400.028473	1103.896484	313.614746
1.399060	999.965454	400.028473	1104.244507	313.654816
1.400203	999.965332	400.028473	1104.592163	313.695618
1.401348	999.965210	400.028473	1104.939453	313.737152
1.402494	999.965088	400.028473	1105.286377	313.779419
1.403642	999.964966	400.028473	1105.632935	313.822418
1.404791	999.964844	400.028473	1105.979126	313.866150
1.405941	999.964722	400.028473	1106.324951	313.910583
1.407094	999.964600	400.028473	1106.670288	313.955750
1.408247	999.964478	400.028442	1107.015259	314.001648
1.409402	999.964355	400.028412	1107.359863	314.048248
1.410558	999.964233	400.028381	1107.704102	314.095581
1.411716	999.964111	400.028351	1108.047974	314.143646
1.412875	999.963989	400.028320	1108.391357	314.192413
1.414036	999.963867	400.028290	1108.734375	314.241913
1.415198	999.963745	400.028259	1109.077026	314.292114
1.416362	999.963623	400.028229	1109.419312	314.343018
1.417527	999.963501	400.028198	1109.761108	314.394653
1.418693	999.963379	400.028168	1110.102539	314.446991
1.419861	999.963257	400.028137	1110.443604	314.500031
1.421031	999.963135	400.028107	1110.784180	314.553772
1.422202	999.963013	400.028076	1111.124390	314.608246
1.423374	999.962891	400.028046	1111.464233	314.663422
1.424548	999.962769	400.028015	1111.803589	314.719299
1.425723	999.962646	400.027985	1112.142578	314.775879
1.426900	999.962524	400.027954	1112.481201	314.833160
1.428078	999.962402	400.027924	1112.819336	314.891144
1.429258	999.962280	400.027893	1113.157104	314.949829
1.430439	999.962158	400.027863	1113.494385	315.009216
1.431621	999.962036	400.027832	1113.831299	315.069275
1.432805	999.961914	400.027802	1114.167847	315.130035
1.433991	999.961792	400.027771	1114.503906	315.191498
1.435178	999.961670	400.027740	1114.839600	315.253662
1.436366	999.961548	400.027710	1115.174805	315.316498
1.437556	999.961426	400.027679	1115.509644	315.380035
1.438747	999.961304	400.027649	1115.843994	315.444275
1.439940	999.961182	400.027618	1116.177979	315.509186
1.441134	999.961060	400.027588	1116.511475	315.574799
1.442329	999.960938	400.027557	1116.844604	315.641083
1.443527	999.960815	400.027527	1117.177246	315.708069
1.444725	999.960693	400.027496	1117.509521	315.775726
1.445925	999.960571	400.027466	1117.841309	315.844055
1.447126	999.960449	400.027435	1118.172607	315.913086
1.448329	999.960327	400.027405	1118.503540	315.982788
1.449533	999.960205	400.027374	1118.833984	316.053162
1.450739	999.960083	400.027344	1119.164063	316.124207
1.451946	999.959961	400.027313	1119.493652	316.195953
1.453155	999.959839	400.027283	1119.822754	316.268372
1.454365	999.959717	400.027252	1120.151489	316.341461
1.455577	999.959595	400.027222	1120.479736	316.415222
1.456790	999.959473	400.027191	1120.807495	316.489655
1.458004	999.959351	400.027161	1121.134888	316.564758
1.459220	999.959229	400.027130	1121.461792	316.640533
1.460438	999.959106	400.027100	1121.788208	316.716980
1.461656	999.958984	400.027069	1122.114258	316.794098
1.462877	999.958862	400.027039	1122.439819	316.871857
1.464098	999.958740	400.027008	1122.764893	316.950287
1.465321	999.958618	400.026978	1123.089478	317.029388
1.466546	999.958496	400.026947	1123.413696	317.109161
1.467772	999.958374	400.026917	1123.737427	317.189575
1.469000	999.958252	400.026886	1124.060669	317.270660
1.470229	999.958130	400.026855	1124.383423	317.352417
1.471459	999.958008	400.026825	1124.705688	317.434814
1.472691	999.957886	400.026794	1125.027588	317.517883
1.473924	999.957764	400.026764	1125.348999	317.601593
1.475159	999.957642	400.026733	1125.669922	317.685974
1.476395	999.957520	400.026703	1125.990356	317.770996
1.477633	999.957397	400.026672	1126.310303	317.856689
1.478872	999.957275	400.026642	1126.629761	317.943024
1.480112	999.957153	400.026611	1126.948730	318.029999
1.481354	999.957031	400.026581	1127.267212	318.117615
1.482597	999.956909	400.026550	1127.585205	318.205902
1.483842	999.956787	400.026520	1127.902832	318.294830
1.485089	999.956665	400.026489	1128.219971	318.384399
1.486336	999.956543	400.026459	1128.536621	318.474609
1.487586	999.956421	400.026428	1128.852783	318.565460
1.488836	999.956299	400.026398	1129.168457	318.656952
1.490088	999.956177	400.026367	1129.483643	318.749115
1.491342	999.956055	400.026337	1129.798340	318.841919
1.492597	999.955933	400.026306	1130.112549	318.935364
1.493853	999.955811	400.026276	1130.426270	319.029419
1.495111	999.955688	400.026245	1130.739502	319.124115
1.496370	999.955566	400.026215	1131.052246	319.219452
1.497631	999.955444	400.026184	1131.364380	319.315430
1.498893	999.955322	400.026154	1131.676025	319.412048
1.500157	999.955200	400.026123	1131.987183	319.509308
1.501422	999.955078	400.026093	1132.297852	319.607178
1.502689	999.954956	400.026062	1132.608032	319.705688
1.503956	999.954834	400.026031	1132.917725	319.804840
1.505226	999.954712	400.026001	1133.226929	319.904602
1.506497	999.954590	400.025970	1133.535645	320.005005
1.507769	999.954468	400.025940	1133.843872	320.106049
1.509043	999.954346	400.025909	1134.151489	320.207703
1.510318	999.954224	400.025879	1134.458618	320.309998
1.511595	999.954102	400.025848	1134.765259	320.412903
1.512873	999.953979	400.025818	1135.071411	320.516418
1.514152	999.953857	400.025787	1135.377075	320.620575
1.515433	999.953735	400.025757	1135.682129	320.725342
1.516715	999.953613	400.025726	1135.986694	320.830750
1.517999	999.953491	400.025696	1136.290771	320.936768
1.519284	999.953369	400.025665	1136.594360	321.043396
1.520571	999.953247	400.025635	1136.897339	321.150635
1.521859	999.953125	400.025604	1137.199829	321.258514
1.523149	999.953003	400.025574	1137.501831	321.367004
1.524440	999.952881	400.025543	1137.803223	321.476105
1.525732	999.952759	400.025513	1138.104126	321.585815
1.527026	999.952637	400.025482	1138.404541	321.696136
1.528321	999.952515	400.025452	1138.704346	321.807068
1.529618	999.952393	400.025421	1139.003662	321.918610
1.530916	999.952271	400.025391	1139.302490	322.030762
1.532216	999.952148	400.025360	1139.600708	322.143524
1.533517	999.952026	400.025330	1139.898438	322.256897
1.534819	999.951904	400.025299	1140.195557	322.370880
1.536123	999.951782	400.025269	1140.492188	322.485474
1.537429	999.951660	400.025238	1140.788330	322.600647
1.538735	999.951538	400.025208	1141.083862	322.716431
1.540044	999.951416	400.025177	1141.378906	322.832825
1.541353	999.951294	400.025146	1141.673340	322.949829
1.542664	999.951172	400.025116	1141.967285	323.067413
1.543977	999.951050	400.025085	1142.260620	323.185608
1.545291	999.950928	400.025055	1142.553467	323.304413
1.546606	999.950806	400.025024	1142.845703	323.423798
1.547923	999.950684	400.024994	1143.137451	323.543793
1.549241	999.950562	400.024963	1143.428589	323.664368
1.550561	999.950439	400.024933	1143.719238	323.785553
1.551882	999.950317	400.024902	1144.009277	323.907318
1.553204	999.950195	400.024872	1144.298706	324.029694
1.554528	999.950073	400.024841	1144.587646	324.152649
1.555854	999.949951	400.024811	1144.875977	324.276184
1.557180	999.949829	400.024780	1145.163818	324.400330
1.558509	999.949707	400.024750	1145.451050	324.525055
1.559838	999.949585	400.024719	1145.737671	324.650360
1.561169	999.949463	400.024689	1146.023804	324.776245
1.562502	999.949341	400.024658	1146.309326	324.902740
1.563836	999.949219	400.024628	1146.594238	325.029816
1.565171	999.949097	400.024597	1146.878662	325.157471
1.566508	999.948975	400.024567	1147.162476	325.285706
1.567846	999.948853	400.024536	1147.445679	325.414520
1.569186	999.948730	400.024506	1147.728394	325.543915
1.570527	999.948608	400.024475	1148.010498	325.673889
1.571869	999.948486	400.024445	1148.291992	325.804443
1.573213	999.948364	400.024414	1148.572876	325.935577
1.574558	999.948242	400.024384	1148.853271	326.067291
1.575905	999.948120	400.024353	1149.133057	326.199585
1.577253	999.947998	400.024323	1149.412231	326.332458
1.578603	999.947876	400.024292	1149.690796	326.465881
1.579954	999.947754	400.024261	1149.968750	326.599884
1.581306	999.947632	400.024231	1150.246094	326.734467
1.582660	999.947510	400.024200	1150.522949	326.869629
1.584015	999.947388	400.024170	1150.799194	327.005341
1.585371	999.947266	400.024139	1151.074829	327.141632
1.586729	999.947144	400.024109	1151.349854	327.278503
1.588089	999.947083	400.024048	1151.624268	327.415924
1.589450	999.947021	400.023987	1151.898071	327.553925
1.590812	999.946960	400.023926	1152.171265	327.692474
1.592176	999.946899	400.023865	1152.443848	327.831604
1.593541	999.946838	400.023804	1152.715820	327.971283
1.594907	999.946777	400.023743	1152.987183	328.111542
1.596275	999.946716	400.023682	1153.257935	328.252350
1.597644	999.946655	400.023621	1153.528076	328.393707
1.599015	999.946594	400.023560	1153.797607	328.535645
1.600387	999.946533	400.023499	1154.066528	328.678131
1.601761	999.946472	400.023438	1154.334839	328.821167
1.603136	999.946411	400.023376	1154.602539	328.964783
1.604512	999.946350	400.023315	1154.869629	329.108948
1.605890	999.946289	400.023254	1155.136108	329.253662
1.607269	999.946228	400.023193	1155.401978	329.398926
1.608649	999.946167	400.023132	1155.667236	329.544739
1.610031	999.946106	400.023071	1155.931885	329.691101
1.611414	999.946045	400.023010	1156.195923	329.838013
1.612799	999.945984	400.022949	1156.459351	329.985474
1.614185	999.945923	400.022888	1156.722168	330.133484
1.615573	999.945862	400.022827	1156.984253	330.282043
1.616962	999.945801	400.022766	1157.245728	330.431152
1.618352	999.945740	400.022705	1157.506592	330.580811
1.619744	999.945679	400.022644	1157.766846	330.731018
1.621137	999.945618	400.022583	1158.026489	330.881775
1.622531	999.945557	400.022522	1158.285400	331.033051
1.623927	999.945496	400.022461	1158.543701	331.184875
1.625324	999.945435	400.022400	1158.801392	331.337250
1.626723	999.945374	400.022339	1159.058472	331.490173
1.628123	999.945313	400.022278	1159.314819	331.643616
1.629524	999.945251	400.022217	1159.570557	331.797607
1.630927	999.945190	400.022156	1159.825684	331.952118
1.632331	999.945129	400.022095	1160.080078	332.107178
1.633737	999.945068	400.022034	1160.333862	332.262787
1.635144	999.945007	400.021973	1160.587036	332.418915
1.636552	999.944946	400.021912	1160.839478	332.575562
1.637962	999.944885	400.021851	1161.091309	332.732758
1.639373	999.944824	400.021790	1161.342529	332.890472
1.640785	999.944763	400.021729	1161.593018	333.048737
1.642199	999.944702	400.021667	1161.842896	333.207520
1.643614	999.944641	400.021606	1162.092041	333.366821
1.645031	999.944580	400.021545	1162.340576	333.526642
1.646449	999.944519	400.021484	1162.588501	333.687012
1.647868	999.944458	400.021423	1162.835693	333.847900
1.649289	999.944397	400.021362	1163.082275	334.009308
1.650711	999.944336	400.021301	1163.328125	334.171234
1.652134	999.944275	400.021240	1163.573364	334.333679
1.653559	999.944214	400.021179	1163.817871	334.496643
1.654985	999.944153	400.021118	1164.061768	334.660126
1.656413	999.944092	400.021057	1164.304932	334.824127
1.657842	999.944031	400.020996	1164.547485	334.988647
1.659272	999.943970	400.020935	1164.789307	335.153687
1.660704	999.943909	400.020874	1165.030396	335.319244
1.662136	999.943848	400.020813	1165.270874	335.485321
1.663571	999.943787	400.020752	1165.510620	335.651917
1.665006	999.943726	400.020691	1165.749756	335.819000
1.666443	999.943665	400.020630	1165.988159	335.986603
1.667882	999.943604	400.020569	1166.225830	336.154724
1.669321	999.943542	400.020508	1166.462891	336.323334
1.670762	999.943481	400.020447	1166.699219	336.492462
1.672205	999.943420	400.020386	1166.934814	336.662109
1.673649	999.943359	400.020325	1167.169800	336.832245
1.675094	999.943298	400.020264	1167.404053	337.002899
1.676540	999.943237	400.020203	1167.637573	337.174042
1.677988	999.943176	400.020142	1167.870361	337.345703
1.679437	999.943115	400.020081	1168.102539	337.517853
1.680887	999.943054	400.020020	1168.333984	337.690521
1.682339	999.942993	400.019958	1168.564697	337.863678
1.683792	999.942932	400.019897	1168.794678	338.037323
1.685247	999.942871	400.019836	1169.024048	338.211456
1.686702	999.942810	400.019775	1169.252686	338.386108
1.688159	999.942749	400.019714	1169.480591	338.561249
1.689618	999.942688	400.019653	1169.707764	338.736877
1.691078	999.942627	400.019592	1169.934204	338.912994
1.692539	999.942566	400.019531	1170.159912	339.089600
1.694001	999.942505	400.019470	1170.384888	339.266693
1.695465	999.942444	400.019409	1170.609253	339.444275
1.696930	999.942383	400.019348	1170.832886	339.622345
1.698396	999.942322	400.019287	1171.055786	339.800903
1.699863	999.942261	400.019226	1171.277954	339.979950
1.701332	999.942200	400.019165	1171.499390	340.159485
1.702803	999.942139	400.019104	1171.720093	340.339508
1.704274	999.942078	400.019043	1171.940063	340.520020
1.705747	999.942017	400.018982	1172.159302	340.700989
1.707221	999.941956	400.018921	1172.377808	340.882446
1.708696	999.941895	400.018860	1172.595581	341.064392
1.710173	999.941833	400.018799	1172.812622	341.246796
1.711651	999.941772	400.018738	1173.028931	341.429688
1.713131	999.941711	400.018677	1173.244507	341.613068
1.714611	999.941650	400.018616	1173.459351	341.796906
1.716093	999.941589	400.018555	1173.673340	341.981232
1.717576	999.941528	400.018494	1173.886597	342.166016
1.719061	999.941467	400.018433	1174.099121	342.351257
1.720547	999.941406	400.018372	1174.310913	342.536987
1.722034	999.941345	400.018311	1174.521973	342.723175
1.723522	999.941284	400.018250	1174.732300	342.909821
1.725012	999.941223	400.018188	1174.941895	343.096954
1.726503	999.941162	400.018127	1175.150635	343.284546
1.727995	999.941101	400.018066	1175.358643	343.472595
1.729488	999.941040	400.018005	1175.565918	343.661102
1.730983	999.940979	400.017944	1175.772461	343.850067
1.732479	999.940918	400.017883	1175.978149	344.039490
1.733976	999.940857	400.017822	1176.183105	344.229370
1.735474	999.940796	400.017761	1176.387329	344.419708
1.736974	999.940735	400.017700	1176.590820	344.610504
1.738475	999.940674	400.017639	1176.793457	344.801758
1.739977	999.940613	400.017578	1176.995361	344.993469
1.741481	999.940552	400.017517	1177.196533	345.185638
1.742985	999.940491	400.017456	1177.396851	345.378235
1.744491	999.940430	400.017395	1177.596436	345.571289
1.745998	999.940369	400.017334	1177.795288	345.764801
1.747507	999.940308	400.017273	1177.993286	345.958740
1.749016	999.940247	400.017212	1178.190552	346.153137
1.750527	999.940186	400.017151	1178.386963	346.347961
1.752039	999.940125	400.017090	1178.582642	346.543243
1.753553	999.940063	400.017029	1178.777466	346.738953
1.755067	999.940002	400.016968	1178.971558	346.935120
1.756583	999.939941	400.016907	1179.164917	347.131714
1.758100	999.939880	400.016846	1179.357422	347.328735
